Datetime,Water Level (m)
2025-04-04 12:00:00,1.1739473
2025-04-04 13:00:00,0.7652871
2025-04-04 14:00:00,0.1903234
2025-04-04 15:00:00,-0.47516736
2025-04-04 16:00:00,-1.0860333
2025-04-04 17:00:00,-1.5612369
2025-04-04 18:00:00,-1.7387695
2025-04-04 19:00:00,-1.432841
2025-04-04 20:00:00,-0.7533526
2025-04-04 21:00:00,-0.104993075
2025-04-04 22:00:00,0.40510577
2025-04-04 23:00:00,0.67350453
2025-04-05 00:00:00,0.7076456
2025-04-05 01:00:00,0.4987405
2025-04-05 02:00:00,0.08147055
2025-04-05 03:00:00,-0.42681876
2025-04-05 04:00:00,-0.93766856
2025-04-05 05:00:00,-1.3323371
2025-04-05 06:00:00,-1.4797598
2025-04-05 07:00:00,-1.2277784
2025-04-05 08:00:00,-0.6380467
2025-04-05 09:00:00,0.00086952245
2025-04-05 10:00:00,0.5764603
2025-04-05 11:00:00,0.9848737
2025-04-05 12:00:00,1.1908076
2025-04-05 13:00:00,1.1521266
2025-04-05 14:00:00,0.8554706
2025-04-05 15:00:00,0.37908137
2025-04-05 16:00:00,-0.20935902
2025-04-05 17:00:00,-0.7857481
2025-04-05 18:00:00,-1.2442101
2025-04-05 19:00:00,-1.5047559
2025-04-05 20:00:00,-1.4650289
2025-04-05 21:00:00,-1.0916497
2025-04-05 22:00:00,-0.5691684
2025-04-05 23:00:00,-0.06910991
2025-04-06 00:00:00,0.29860544
2025-04-06 01:00:00,0.52098536
2025-04-06 02:00:00,0.5852089
2025-04-06 03:00:00,0.44494104
2025-04-06 04:00:00,0.093911834
2025-04-06 05:00:00,-0.36966288
2025-04-06 06:00:00,-0.8118388
2025-04-06 07:00:00,-1.1067408
2025-04-06 08:00:00,-1.1565477
2025-04-06 09:00:00,-0.901941
2025-04-06 10:00:00,-0.421119
2025-04-06 11:00:00,0.13091452
2025-04-06 12:00:00,0.6208367
2025-04-06 13:00:00,0.95678836
2025-04-06 14:00:00,1.1159021
2025-04-06 15:00:00,1.0445044
2025-04-06 16:00:00,0.7062792
2025-04-06 17:00:00,0.16879168
2025-04-06 18:00:00,-0.4415248
2025-04-06 19:00:00,-1.0037717
2025-04-06 20:00:00,-1.3906857
2025-04-06 21:00:00,-1.5658176
2025-04-06 22:00:00,-1.440538
2025-04-06 23:00:00,-0.973225
2025-04-07 00:00:00,-0.39658734
2025-04-07 01:00:00,0.12948772
2025-04-07 02:00:00,0.512256
2025-04-07 03:00:00,0.72284263
2025-04-07 04:00:00,0.7355666
2025-04-07 05:00:00,0.49498415
2025-04-07 06:00:00,0.04381665
2025-04-07 07:00:00,-0.48412725
2025-04-07 08:00:00,-0.93854487
2025-04-07 09:00:00,-1.2064698
2025-04-07 10:00:00,-1.2020702
2025-04-07 11:00:00,-0.80351233
2025-04-07 12:00:00,-0.16810405
2025-04-07 13:00:00,0.4510462
2025-04-07 14:00:00,0.90017384
2025-04-07 15:00:00,1.153477
2025-04-07 16:00:00,1.1832645
2025-04-07 17:00:00,0.92454416
2025-04-07 18:00:00,0.394419
2025-04-07 19:00:00,-0.2852776
2025-04-07 20:00:00,-0.92246777
2025-04-07 21:00:00,-1.455114
2025-04-07 22:00:00,-1.7476513
2025-04-07 23:00:00,-1.6638714
2025-04-08 00:00:00,-1.0814158
2025-04-08 01:00:00,-0.34676236
2025-04-08 02:00:00,0.3180022
2025-04-08 03:00:00,0.78725225
2025-04-08 04:00:00,1.027025
2025-04-08 05:00:00,1.0073078
2025-04-08 06:00:00,0.67580694
2025-04-08 07:00:00,0.1121751
2025-04-08 08:00:00,-0.52853954
2025-04-08 09:00:00,-1.0879642
2025-04-08 10:00:00,-1.4724147
2025-04-08 11:00:00,-1.5225929
2025-04-08 12:00:00,-1.0211735
2025-04-08 13:00:00,-0.22261791
2025-04-08 14:00:00,0.5257679
2025-04-08 15:00:00,1.0662134
2025-04-08 16:00:00,1.3454846
2025-04-08 17:00:00,1.3369668
2025-04-08 18:00:00,0.98537695
2025-04-08 19:00:00,0.33994475
2025-04-08 20:00:00,-0.43540508
2025-04-08 21:00:00,-1.1454657
2025-04-08 22:00:00,-1.7361212
2025-04-08 23:00:00,-2.0684702
2025-04-09 00:00:00,-1.9019662
2025-04-09 01:00:00,-1.0218089
2025-04-09 02:00:00,-0.12974449
2025-04-09 03:00:00,0.61476004
2025-04-09 04:00:00,1.0718817
2025-04-09 05:00:00,1.2519075
2025-04-09 06:00:00,1.1197449
2025-04-09 07:00:00,0.6378073
2025-04-09 08:00:00,-0.048579276
2025-04-09 09:00:00,-0.7819992
2025-04-09 10:00:00,-1.3883159
2025-04-09 11:00:00,-1.7817019
2025-04-09 12:00:00,-1.7166612
2025-04-09 13:00:00,-0.93511534
2025-04-09 14:00:00,-0.0133299995
2025-04-09 15:00:00,0.78497535
2025-04-09 16:00:00,1.2844428
2025-04-09 17:00:00,1.4872779
2025-04-09 18:00:00,1.3551905
2025-04-09 19:00:00,0.8473626
2025-04-09 20:00:00,0.09329547
2025-04-09 21:00:00,-0.7267259
2025-04-09 22:00:00,-1.4518663
2025-04-09 23:00:00,-1.9836726
2025-04-10 00:00:00,-2.162743
2025-04-10 01:00:00,-1.5540326
2025-04-10 02:00:00,-0.5052742
2025-04-10 03:00:00,0.42299405
2025-04-10 04:00:00,1.1364253
2025-04-10 05:00:00,1.4686828
2025-04-10 06:00:00,1.4861798
2025-04-10 07:00:00,1.130915
2025-04-10 08:00:00,0.4411043
2025-04-10 09:00:00,-0.36305588
2025-04-10 10:00:00,-1.1274021
2025-04-10 11:00:00,-1.6960441
2025-04-10 12:00:00,-1.9524171
